WF_No;Node;Pi_max
1;3;110.3515939
2;5;102.3231242
3;7;151.6990635
4;16;83.41738686
5;21;137.3237932
6;23;131.2291879
